FishID,CaptureDate,Location,Lengthmm,AHR,CYP1A,Gata3,HSP27,HSP70,HSP90,IFNa,Leptin,MT.A,MX1,SOD,tbx21,HSP70Protein,Treatment
CHINPS005,6/13/2018,Pilot Station,806,7.57,34.00,8.48,0.93,2.82,-1.10,3.32,7.61,-4.75,11.29,4.01,7.18,0.04,18C
CHINPS008,6/14/2018,Pilot Station,774,6.30,7.80,34.00,-0.97,2.50,-3.44,2.79,5.47,-6.13,9.76,3.76,34.00,0.12,18C
CHINPS011,6/15/2018,Pilot Station,740,7.42,9.28,10.07,1.12,2.84,-1.95,5.42,7.41,-2.82,9.46,2.57,9.17,0.28,18C
CHINPS015,6/16/2018,Pilot Station,850,6.92,7.53,9.84,2.88,1.97,-1.67,6.10,8.73,-0.28,9.29,3.06,8.36,0.04,18C
CHINPS020,6/18/2018,Pilot Station,790,6.28,8.01,8.53,1.20,2.52,-2.38,4.62,9.63,-3.34,8.93,2.31,7.09,0.04,18C
CHINPS023,6/19/2018,Pilot Station,690,7.53,8.30,9.86,1.13,3.67,-0.98,4.25,9.33,-1.90,10.91,3.98,8.71,0.12,18C
CHINPS026,6/20/2018,Pilot Station,799,7.50,9.87,9.01,1.68,2.27,-2.19,6.17,10.24,-2.50,10.52,3.05,8.98,0.09,18C
CHINPS029,6/21/2018,Pilot Station,590,7.07,9.50,10.83,1.40,3.60,-0.94,5.00,5.54,-2.93,10.59,2.76,9.07,0.05,18C
CHINPS007,6/14/2018,Pilot Station,619,7.04,8.41,6.96,0.18,3.09,-3.98,3.64,10.38,-4.25,34.00,3.86,7.16,1.97,21C
CHINPS010,6/15/2018,Pilot Station,833,7.54,8.11,8.68,0.64,1.71,-1.84,6.98,8.88,-0.82,9.66,3.43,9.25,0.19,21C
CHINPS019,6/18/2018,Pilot Station,713,7.30,8.58,10.44,2.40,2.33,-2.55,7.36,8.28,-1.20,10.37,3.28,10.85,0.40,21C
CHINPS025,6/20/2018,Pilot Station,858,8.17,9.99,9.18,1.97,3.33,-1.39,6.39,8.65,-0.77,9.84,4.54,9.80,0.08,21C
CHINPS028,6/21/2018,Pilot Station,650,7.30,9.51,8.87,3.03,2.80,-2.09,5.94,8.40,-1.27,9.26,2.58,8.87,0.65,21C
CHINPS006,6/13/2018,Pilot Station,784,8.31,10.66,34.00,2.11,3.66,-2.25,5.00,9.18,-2.52,11.54,5.04,8.61,0.07,CONTROL
CHINPS009,6/14/2018,Pilot Station,708,7.79,8.25,12.97,3.49,1.80,2.09,7.78,10.59,-0.36,10.50,2.97,8.82,0.07,CONTROL
CHINPS012,6/15/2018,Pilot Station,795,7.11,7.52,10.76,1.66,3.27,-0.48,6.26,8.43,-1.98,9.46,2.65,8.44,0.10,CONTROL
CHINPS014,6/16/2018,Pilot Station,712,7.49,7.70,10.34,1.81,2.47,-0.95,6.68,8.74,-1.73,10.54,2.72,9.70,0.09,CONTROL
CHINPS017,6/17/2018,Pilot Station,652,6.30,6.85,9.98,1.69,2.27,-0.80,6.18,9.43,-2.64,8.93,3.08,9.05,0.08,CONTROL
CHINPS021,6/18/2018,Pilot Station,830,5.93,7.16,9.46,1.75,2.09,-1.19,5.57,8.63,-3.58,8.48,2.00,7.86,0.11,CONTROL
CHINPS024,6/19/2018,Pilot Station,840,7.70,7.36,9.83,0.26,3.25,-1.22,4.65,8.80,-2.16,9.96,3.47,8.10,0.06,CONTROL
CHINPS027,6/20/2018,Pilot Station,789,7.44,9.00,10.69,3.30,3.45,-1.26,6.90,9.45,-0.46,9.67,2.77,9.08,0.08,CONTROL
CHINPS030,6/21/2018,Pilot Station,610,8.40,9.47,10.99,3.02,3.29,-0.92,7.42,5.61,-0.31,10.27,3.29,9.05,0.10,CONTROL
CHINCR001,7/14/2016,Chena River,615,6.57,5.10,8.35,4.33,1.30,1.48,10.71,14.24,-1.11,9.43,2.15,10.56,0.01,NA
CHINCR002,7/14/2016,Chena River,725,7.13,6.27,8.87,4.26,0.77,-0.40,10.28,14.20,-1.04,8.72,2.64,10.61,0.10,NA
CHINCR003,7/14/2016,Chena River,630,7.78,6.69,10.00,5.23,1.36,1.04,10.17,14.33,-1.49,9.37,2.48,12.11,0.03,NA
CHINCR004,7/14/2016,Chena River,815,7.21,5.84,8.84,3.15,0.84,-1.01,10.41,14.40,-0.69,7.90,2.73,11.43,0.64,NA
CHINCR005,7/14/2016,Chena River,650,7.09,6.61,9.47,4.53,1.41,1.48,9.68,14.85,-2.18,9.00,2.57,10.79,0.04,NA
CHINCR006,7/14/2016,Chena River,690,6.49,4.95,7.32,-1.02,0.90,-1.11,9.45,11.85,-1.03,7.82,2.89,10.37,0.15,NA
CHINCR007,7/14/2016,Chena River,580,6.35,5.41,8.89,5.50,0.46,2.22,10.81,14.81,-1.27,10.83,2.79,9.87,0.00,NA
CHINCR008,7/14/2016,Chena River,570,6.31,5.20,9.60,5.73,0.74,0.55,10.86,13.26,-0.65,9.08,2.20,10.56,0.01,NA
CHINCR009,7/14/2016,Chena River,715,6.27,4.99,7.62,4.27,-0.18,-0.18,11.53,13.97,0.12,8.33,1.69,11.02,0.13,NA
CHINCR010,7/14/2016,Chena River,710,6.58,4.39,9.21,5.19,0.95,-0.82,10.19,12.41,-0.97,9.61,2.78,10.49,0.14,NA
CHINCR011,7/14/2016,Chena River,795,7.17,4.72,9.40,5.03,1.24,0.33,10.61,13.89,-0.08,7.84,2.71,10.42,0.03,NA
CHINCR012,7/14/2016,Chena River,620,6.87,5.29,9.19,3.13,1.64,1.13,10.89,11.45,0.02,9.37,3.06,11.01,0.02,NA
CHINCR013,7/14/2016,Chena River,605,6.80,4.69,9.32,4.53,1.58,-0.79,10.09,13.75,-1.13,9.22,2.81,10.29,0.14,NA
CHINCR014,7/14/2016,Chena River,650,6.20,4.86,8.97,5.19,0.78,0.23,8.62,12.77,-1.77,7.82,2.41,8.83,0.02,NA
CHINCR015,7/14/2016,Chena River,570,5.86,3.83,8.62,3.71,1.05,-0.64,9.72,11.75,-0.70,6.82,2.36,10.33,0.11,NA
CHINCR016,7/14/2016,Chena River,715,5.27,3.46,7.49,3.25,0.28,-0.76,10.07,12.58,-1.57,6.65,1.66,9.66,0.02,NA
CHINCR017,7/14/2016,Chena River,805,7.46,5.80,10.03,4.76,1.57,2.16,10.59,14.35,0.66,8.85,3.49,10.60,0.00,NA
CHINCR018,7/14/2016,Chena River,780,6.96,5.91,8.59,0.68,1.41,0.97,9.26,13.62,-0.68,9.07,3.09,11.44,1.52,NA
CHINCR019,7/14/2016,Chena River,795,6.87,5.18,9.31,4.26,0.84,0.60,9.21,34.00,-0.42,7.95,3.02,9.96,0.00,NA
CHINCR020,7/14/2016,Chena River,640,6.52,4.52,10.29,5.43,1.56,1.32,9.27,12.78,-0.99,8.43,2.95,10.25,0.03,NA
CHINCR021,7/14/2016,Chena River,705,6.69,5.14,9.98,3.90,0.83,-0.18,8.77,12.34,-1.22,7.66,2.52,10.35,0.06,NA
CHINCR022,7/14/2016,Chena River,585,6.68,5.87,9.79,3.03,1.40,-1.14,6.80,13.41,-2.74,7.94,2.85,9.73,0.01,NA
CHINCR023,7/14/2016,Chena River,640,6.77,5.36,9.71,4.37,1.79,-0.62,10.51,13.32,-0.39,8.14,3.38,10.56,0.02,NA
CHINCR024,7/14/2016,Chena River,605,7.34,6.71,10.51,4.88,2.45,-0.99,9.66,14.71,-1.16,8.94,3.45,11.39,0.31,NA
CHINCR025,7/14/2016,Chena River,605,7.26,5.88,10.16,5.95,1.52,2.67,10.42,14.34,-1.15,9.33,2.58,11.49,0.06,NA
CHINCR026,7/14/2016,Chena River,575,8.12,7.40,11.05,4.50,2.24,1.79,9.44,13.61,-0.74,9.40,3.86,11.76,0.05,NA
CHINCR027,7/14/2016,Chena River,630,8.02,6.22,11.20,4.85,2.60,1.21,8.80,15.14,-0.76,8.94,4.15,9.86,0.04,NA
CHINCR028,7/15/2016,Chena River,595,8.41,7.34,10.67,4.71,2.93,2.97,8.93,15.51,-1.50,10.79,4.06,11.34,0.04,NA
CHINCR029,7/15/2016,Chena River,665,7.72,6.61,8.61,1.71,1.81,-0.19,9.74,14.71,-0.31,9.87,4.07,11.08,1.05,NA
CHINCR030,7/15/2016,Chena River,735,7.84,6.56,11.32,5.74,1.46,0.58,11.12,16.38,-0.84,10.81,3.83,11.08,0.10,NA
CHINCR031,7/15/2016,Chena River,700,8.06,7.48,11.59,4.50,2.13,1.55,9.99,34.00,-0.87,9.14,3.79,12.38,0.02,NA
CHINCR032,7/15/2016,Chena River,750,6.95,5.88,9.15,3.28,0.83,-0.96,6.78,11.52,-3.86,8.30,2.91,9.99,0.04,NA
CHINCR033,7/15/2016,Chena River,640,7.51,7.11,8.24,4.02,1.34,2.28,9.00,14.74,-2.71,10.95,2.37,11.76,1.64,NA
CHINCR034,7/15/2016,Chena River,665,8.20,28.35,11.87,6.34,1.90,-0.30,29.66,16.32,-1.79,9.53,3.52,32.58,0.76,NA
CHINCR035,7/15/2016,Chena River,680,7.97,6.81,11.01,5.33,2.11,2.29,9.49,13.79,-1.76,10.43,3.61,10.53,0.11,NA
CHINCR036,7/15/2016,Chena River,725,7.90,6.04,10.81,5.77,1.26,1.79,9.48,13.91,-1.29,8.43,3.19,10.51,0.04,NA
CHINCR037,7/15/2016,Chena River,830,8.89,8.61,11.75,4.30,1.51,0.44,10.64,14.82,0.67,11.27,4.90,13.30,0.06,NA
CHINCR038,7/15/2016,Chena River,845,9.51,9.42,12.17,3.35,2.68,2.80,9.52,15.82,-1.04,9.92,4.37,10.61,0.01,NA
CHINCR039,7/15/2016,Chena River,615,7.20,6.52,10.28,4.65,1.45,0.14,7.88,10.40,-2.27,8.28,2.45,9.89,0.07,NA
CHINCR040,7/15/2016,Chena River,595,7.07,5.56,10.92,5.44,1.65,-0.97,7.99,13.13,-1.55,7.39,2.43,11.23,0.60,NA
CHINCR041,7/15/2016,Chena River,610,7.46,6.04,10.42,3.79,1.62,0.69,10.61,9.68,-0.16,8.96,2.65,10.93,0.02,NA
CHINCR042,7/18/2017,Chena River,794,5.46,6.77,8.97,3.16,1.91,-3.43,8.19,6.93,-2.23,9.96,3.00,12.60,1.64,NA
CHINCR043,7/18/2017,Chena River,838,7.78,9.13,10.62,4.17,2.30,2.46,8.12,12.57,-2.82,11.34,4.15,11.07,0.11,NA
CHINCR044,7/18/2017,Chena River,794,8.64,10.74,11.14,4.38,2.64,2.12,9.51,34.00,-1.57,12.34,4.73,34.00,0.09,NA
CHINCR045,7/18/2017,Chena River,692,6.07,4.95,8.01,1.80,0.79,-3.52,7.15,5.20,-3.49,34.00,2.59,10.09,1.35,NA
CHINCR046,7/18/2017,Chena River,749,6.98,6.74,10.12,1.61,1.11,-2.83,8.03,6.69,-2.38,11.15,3.50,11.56,3.24,NA
CHINCR047,7/18/2017,Chena River,851,6.54,7.61,10.05,1.53,1.74,0.56,9.59,11.77,-1.09,12.92,3.36,11.05,1.85,NA
CHINCR048,7/18/2017,Chena River,813,6.16,6.65,9.34,2.43,1.54,-1.62,9.14,34.00,-2.24,9.27,2.90,9.82,0.40,NA
CHINCR049,7/18/2017,Chena River,737,5.23,4.78,8.90,1.80,0.88,-3.85,7.35,4.65,-2.94,9.07,2.37,34.00,2.25,NA
CHINCR050,7/18/2017,Chena River,743,7.96,8.35,11.58,2.69,1.38,-1.32,9.06,34.00,-2.12,12.42,3.47,10.64,1.71,NA
CHINCR051,7/18/2017,Chena River,826,8.66,8.76,10.45,4.00,1.82,2.25,10.23,12.59,-1.44,34.00,4.35,12.10,0.16,NA
CHINCR052,7/18/2017,Chena River,864,5.85,8.27,9.38,1.82,1.62,-2.43,10.09,34.00,-1.44,34.00,2.83,10.19,2.18,NA
CHINCR053,7/18/2017,Chena River,794,7.99,8.28,34.00,2.91,0.30,0.08,8.17,34.00,-3.52,12.29,3.51,11.80,1.24,NA
CHINCR054,7/18/2017,Chena River,787,7.00,7.21,34.00,3.09,1.55,2.24,7.08,11.09,-3.36,10.95,3.89,11.33,0.09,NA
CHINCR055,7/18/2017,Chena River,768,8.62,9.34,11.68,4.36,2.81,2.20,10.42,12.71,-1.57,12.81,4.37,11.20,0.74,NA
CHINCR056,7/18/2017,Chena River,787,6.39,34.00,34.00,1.10,1.60,-3.61,5.81,34.00,-3.79,11.21,2.64,34.00,3.24,NA
CHINCR057,7/18/2017,Chena River,800,6.42,6.87,9.24,2.70,1.47,-3.59,8.02,10.12,-2.31,10.23,3.27,34.00,3.17,NA
CHINCR058,7/18/2017,Chena River,737,6.29,7.31,9.28,1.72,2.06,-3.82,7.63,9.93,-2.30,8.48,3.67,10.81,4.49,NA
CHINCR059,7/18/2017,Chena River,724,7.27,7.49,10.12,4.56,2.61,1.18,8.74,34.00,-2.19,11.91,3.29,9.68,0.05,NA
CHINCR060,7/18/2017,Chena River,787,8.23,9.05,10.53,2.59,2.01,0.81,9.00,34.00,-2.53,34.00,4.45,34.00,1.81,NA
CHINCR061,7/18/2017,Chena River,730,6.10,7.40,9.77,3.58,2.21,-1.65,8.56,34.00,-1.95,10.80,3.48,34.00,0.41,NA
CHINCR062,7/18/2017,Chena River,816,7.00,6.99,9.30,3.60,2.39,-0.27,8.62,34.00,-2.74,10.82,3.52,34.00,0.81,NA
CHINCR063,7/18/2017,Chena River,876,7.25,9.37,10.54,4.97,2.54,1.06,10.35,13.81,-1.26,11.66,4.69,10.25,0.17,NA
CHINCR064,7/18/2017,Chena River,768,6.22,8.17,9.43,4.61,1.02,0.11,34.00,34.00,-0.02,9.63,3.49,9.24,0.30,NA
CHINCR065,7/18/2017,Chena River,800,6.64,7.76,10.15,4.11,1.29,-0.36,9.77,34.00,-1.43,9.53,3.64,9.87,0.26,NA
CHINCR066,7/18/2017,Chena River,838,6.36,7.89,9.54,3.75,0.63,-2.06,9.81,34.00,-1.10,9.57,3.07,9.68,1.35,NA
CHINCR067,7/18/2017,Chena River,781,8.53,8.37,11.78,3.30,2.59,-0.64,8.61,10.81,-2.11,12.29,4.57,11.61,1.30,NA
CHINCR068,7/18/2017,Chena River,737,5.25,6.02,6.72,1.87,1.69,2.53,34.00,34.00,-1.14,8.64,3.50,34.00,0.08,NA
CHINCR069,7/18/2017,Chena River,775,5.16,4.30,6.59,5.31,1.66,-0.71,10.52,34.00,-0.16,8.59,2.94,34.00,0.81,NA
CHINCR070,7/18/2017,Chena River,870,5.79,6.79,34.00,4.23,1.42,1.50,9.39,34.00,-0.99,8.30,3.26,9.03,0.07,NA
CHINCR071,7/18/2017,Chena River,806,6.23,6.33,8.60,3.15,1.57,-0.41,11.22,34.00,0.25,10.67,3.16,34.00,1.00,NA
CHINCR072,7/18/2017,Chena River,610,6.53,6.16,9.58,3.01,2.08,1.30,8.22,10.02,-0.79,11.97,4.08,12.44,0.01,NA
CHINCR073,7/18/2017,Chena River,699,5.62,6.95,7.92,5.62,0.66,1.80,10.00,34.00,0.52,9.60,3.30,8.70,0.03,NA
CHINCR075,7/18/2017,Chena River,546,6.44,7.63,8.31,4.71,1.06,1.00,34.00,10.29,0.66,11.08,3.51,10.02,0.05,NA
CHINCR076,7/18/2017,Chena River,724,4.61,5.44,5.75,0.45,2.36,0.84,11.04,9.15,0.26,8.54,2.76,9.79,0.18,NA
CHINCR077,7/18/2017,Chena River,794,4.85,5.80,6.88,-0.51,2.12,0.55,34.00,34.00,-0.26,7.92,3.23,34.00,0.09,NA
CHINCR078,7/18/2017,Chena River,749,4.06,6.02,6.14,2.54,0.41,1.06,34.00,34.00,1.05,8.05,2.09,34.00,0.02,NA
CHINCR079,7/18/2017,Chena River,813,6.46,7.04,8.42,5.13,0.11,2.08,10.29,11.21,2.30,9.47,3.96,10.91,0.14,NA
CHINCR080,7/18/2017,Chena River,826,5.70,6.44,8.38,0.77,1.82,2.24,34.00,34.00,-0.08,9.92,3.71,7.44,0.03,NA
CHINEA001 ,7/11/2016,Eagle Test Fishery,807,6.43,8.61,6.78,-0.72,0.45,0.65,4.97,12.77,-3.58,10.08,1.96,9.30,0.03,NA
CHINEA002,7/11/2016,Eagle Test Fishery,907,6.39,8.60,6.37,-0.89,0.21,0.88,7.69,15.29,-1.95,9.07,2.02,9.38,0.01,NA
CHINEA003,7/11/2016,Eagle Test Fishery,792,7.53,10.18,9.21,3.07,0.60,1.62,8.38,15.05,-1.50,11.96,2.75,9.89,0.02,NA
CHINEA004,7/11/2016,Eagle Test Fishery,686,7.47,8.78,8.90,5.33,0.31,2.39,7.75,34.00,-2.73,9.68,2.45,9.72,0.01,NA
CHINEA005,7/11/2016,Eagle Test Fishery,851,7.56,9.59,8.96,4.25,0.53,0.09,7.49,34.00,-2.70,9.78,2.14,9.77,0.01,NA
CHINEA006,7/11/2016,Eagle Test Fishery,822,7.19,8.60,7.36,0.61,1.13,0.66,6.14,12.38,-3.29,9.39,1.71,11.51,0.02,NA
CHINEA007,7/11/2016,Eagle Test Fishery,651,5.86,34.00,7.73,2.49,-1.18,-1.01,2.74,34.00,-5.67,8.99,0.56,7.61,0.01,NA
CHINEA008,7/11/2016,Eagle Test Fishery,866,7.29,9.07,8.47,1.40,-0.02,-0.60,10.40,10.19,-0.51,10.11,2.80,10.68,0.04,NA
CHINEA009,7/11/2016,Eagle Test Fishery,764,7.45,8.63,8.47,4.86,-0.02,1.03,9.70,13.93,0.10,10.28,2.83,10.38,0.03,NA
CHINEA010,7/11/2016,Eagle Test Fishery,716,7.99,8.96,9.97,6.50,-0.36,1.10,11.27,34.00,0.36,12.17,2.71,11.00,0.00,NA
CHINEA011,7/18/2016,Eagle Test Fishery,925,7.65,10.20,7.90,0.83,0.51,2.02,7.43,11.95,-1.25,8.57,2.08,10.62,0.06,NA
CHINEA012,7/18/2016,Eagle Test Fishery,808,7.25,9.51,8.18,0.66,0.75,0.89,5.80,11.14,-4.17,11.21,1.64,8.84,0.04,NA
CHINEA013,7/18/2016,Eagle Test Fishery,762,8.14,10.41,9.83,5.45,0.46,2.71,10.86,14.28,0.54,10.89,2.99,10.22,0.01,NA
CHINEA014,7/18/2016,Eagle Test Fishery,876,7.62,10.56,9.25,5.13,0.47,1.44,8.38,34.00,-1.37,10.23,2.15,9.80,0.01,NA
CHINEA015,7/18/2016,Eagle Test Fishery,765,6.29,8.76,7.06,2.45,0.15,1.53,5.71,12.95,-4.40,9.47,1.21,8.48,0.01,NA
CHINEA016,7/18/2016,Eagle Test Fishery,968,6.48,9.74,7.35,3.01,-0.34,-0.76,5.70,14.92,-3.48,10.64,1.22,8.72,0.02,NA
CHINEA017,7/18/2016,Eagle Test Fishery,860,6.53,9.90,8.45,1.89,-0.01,-0.65,5.11,13.87,-4.49,9.64,1.45,8.98,0.02,NA
CHINEA018,7/18/2016,Eagle Test Fishery,807,6.66,8.99,7.37,-1.68,0.40,0.55,6.17,10.18,-3.98,10.01,2.09,9.28,0.02,NA
CHINEA019,7/18/2016,Eagle Test Fishery,738,7.85,9.78,8.55,1.97,0.17,2.55,9.21,13.54,0.30,10.05,2.70,11.29,0.04,NA
CHINEA020,7/18/2016,Eagle Test Fishery,824,7.78,11.06,9.80,3.81,0.65,1.56,8.74,13.63,-1.28,10.01,2.52,10.02,0.03,NA
CHINEA021,7/25/2016,Eagle Test Fishery,644,8.40,10.26,9.37,6.93,1.22,3.41,10.45,16.53,-0.18,9.83,2.95,10.23,0.01,NA
CHINEA022,7/25/2016,Eagle Test Fishery,724,6.87,8.96,7.72,4.35,0.77,2.38,7.39,15.76,-3.43,8.20,1.95,9.45,0.02,NA
CHINEA023,7/25/2016,Eagle Test Fishery,710,6.67,8.72,8.29,4.76,0.71,2.37,7.87,13.20,-3.14,9.75,1.38,9.04,0.02,NA
CHINEA024,7/25/2016,Eagle Test Fishery,845,6.10,9.22,8.37,2.95,-0.14,0.74,6.56,34.00,-3.41,8.33,1.63,8.35,0.15,NA
CHINEA025,7/25/2016,Eagle Test Fishery,710,7.14,10.14,8.76,5.53,0.95,1.89,8.70,17.54,-2.14,8.14,2.19,9.19,0.01,NA
CHINEA026,7/25/2016,Eagle Test Fishery,815,7.27,9.67,9.17,4.12,0.95,3.14,8.45,34.00,-1.31,8.23,2.54,8.86,0.45,NA
CHINEA027,7/25/2016,Eagle Test Fishery,845,6.90,10.41,9.37,4.51,0.29,1.68,8.27,14.49,-1.97,8.78,2.01,8.45,0.04,NA
CHINEA028,7/25/2016,Eagle Test Fishery,798,6.59,9.72,8.90,4.71,0.62,2.19,7.95,14.91,-2.57,8.90,2.24,8.53,0.01,NA
CHINEA029,7/25/2016,Eagle Test Fishery,788,7.83,10.23,10.12,6.28,0.63,1.23,10.80,14.58,0.11,8.88,3.51,10.80,0.02,NA
CHINEA030,7/25/2016,Eagle Test Fishery,808,6.99,9.07,7.93,3.26,0.22,1.33,8.48,12.50,-1.60,8.34,1.87,10.47,0.10,NA
CHINEA031,8/1/2016,Eagle Test Fishery,865,6.40,8.25,8.41,4.05,0.19,-1.29,6.30,13.59,-4.23,8.38,1.36,9.63,0.02,NA
CHINEA032,8/1/2016,Eagle Test Fishery,892,6.86,8.40,7.22,-0.52,1.01,0.78,7.71,10.65,-1.86,8.17,2.52,10.81,0.05,NA
CHINEA033,8/1/2016,Eagle Test Fishery,814,6.41,8.91,7.48,0.57,0.56,1.32,9.41,11.33,-0.59,9.93,2.35,9.90,0.01,NA
CHINEA034,8/1/2016,Eagle Test Fishery,817,6.61,8.69,8.63,4.80,1.07,2.38,9.62,34.00,-1.31,9.12,1.98,10.50,0.03,NA
CHINEA035,8/2/2016,Eagle Test Fishery,721,6.75,8.66,8.37,3.39,0.51,2.28,9.28,15.14,-1.75,9.51,2.30,9.74,0.00,NA
CHINEA036,8/2/2016,Eagle Test Fishery,720,6.72,8.91,7.58,0.80,0.95,2.24,7.80,13.55,-1.59,9.03,2.20,9.43,0.07,NA
CHINEA037,8/2/2016,Eagle Test Fishery,694,6.67,8.54,8.45,4.05,1.18,1.24,7.80,14.44,-3.01,9.84,1.57,10.24,0.01,NA
CHINEA038,8/2/2016,Eagle Test Fishery,798,8.41,11.47,8.38,7.14,0.69,1.17,9.54,15.51,0.49,8.35,2.81,11.70,0.17,NA
CHINEA039,8/2/2016,Eagle Test Fishery,768,8.10,9.63,9.43,1.20,1.40,0.51,8.30,10.60,-2.40,9.81,2.85,11.10,0.05,NA
CHINEA040,8/2/2016,Eagle Test Fishery,609,8.14,10.07,10.60,7.45,1.75,2.51,9.12,19.23,-0.61,10.47,2.92,10.43,0.02,NA
CHINEA041,7/16/2017,Eagle Test Fishery,738,7.35,9.44,10.15,4.25,0.56,3.34,8.89,14.80,0.15,11.19,4.04,9.42,0.04,NA
CHINEA042,7/16/2017,Eagle Test Fishery,700,6.33,10.68,8.59,4.58,0.38,2.95,8.34,12.99,-0.16,10.57,3.41,8.89,3.51,NA
CHINEA043,7/16/2017,Eagle Test Fishery,853,6.45,10.57,8.87,3.23,0.56,2.85,9.91,34.00,1.49,12.08,4.22,9.96,0.01,NA
CHINEA044,7/16/2017,Eagle Test Fishery,731,6.70,11.16,10.04,5.38,0.70,2.04,34.00,11.10,0.46,10.85,4.74,10.64,0.03,NA
CHINEA047,7/16/2017,Eagle Test Fishery,676,6.77,10.03,10.06,4.47,0.81,2.54,9.45,34.00,-0.64,11.30,3.93,9.84,0.01,NA
CHINEA048,7/16/2017,Eagle Test Fishery,839,4.84,8.21,6.59,0.02,0.04,2.14,7.34,34.00,-0.85,8.75,2.85,8.07,0.15,NA
CHINEA050,7/16/2017,Eagle Test Fishery,613,7.24,9.16,9.48,5.07,0.14,1.91,9.50,34.00,0.28,11.92,4.59,9.74,0.23,NA
CHINEA051,7/26/2017,Eagle Test Fishery,809,8.82,34.00,8.20,6.60,0.65,3.05,8.19,34.00,0.28,10.62,4.26,11.54,0.08,NA
CHINEA052,7/26/2017,Eagle Test Fishery,854,5.61,9.74,8.35,0.92,1.34,2.68,8.98,34.00,-0.98,34.00,3.77,9.42,0.03,NA
CHINEA053,7/26/2017,Eagle Test Fishery,845,7.72,12.43,10.15,5.19,1.40,0.93,9.55,34.00,-0.51,11.54,4.66,10.09,0.01,NA
CHINEA054,7/26/2017,Eagle Test Fishery,793,6.88,34.00,9.44,5.73,0.19,0.49,9.12,34.00,-0.22,11.52,3.45,8.22,0.00,NA
CHINEA055,7/26/2017,Eagle Test Fishery,754,7.14,34.00,10.87,4.88,0.78,1.26,11.53,7.27,-0.10,8.56,4.56,9.32,0.19,NA
CHINEA056,7/26/2017,Eagle Test Fishery,712,6.74,11.47,10.03,5.49,1.26,2.28,10.68,34.00,0.03,34.00,4.26,9.35,0.00,NA
CHINEA057,7/26/2017,Eagle Test Fishery,733,6.61,10.04,9.39,5.56,1.09,2.04,9.87,34.00,-0.33,13.22,3.71,9.16,0.01,NA
CHINEA058,7/26/2017,Eagle Test Fishery,819,8.08,34.00,10.62,5.05,1.19,0.46,9.20,34.00,-0.73,11.35,4.55,10.37,0.15,NA
CHINEA059,7/26/2017,Eagle Test Fishery,831,6.99,13.48,11.16,6.28,1.23,0.65,9.51,34.00,-0.31,11.77,4.90,12.08,0.16,NA
CHINEA060,7/26/2017,Eagle Test Fishery,695,5.74,34.00,7.29,3.39,0.75,1.99,9.80,34.00,0.95,10.29,3.54,7.47,0.00,NA
CHINEA061,8/3/2017,Eagle Test Fishery,730,4.63,9.18,6.69,0.24,0.73,0.76,8.16,34.00,-0.56,9.94,2.51,34.00,0.03,NA
CHINEA062,8/3/2017,Eagle Test Fishery,855,4.41,34.00,5.60,-1.60,0.38,0.75,34.00,34.00,-0.23,8.11,2.39,7.45,0.02,NA
CHINEA063,8/3/2017,Eagle Test Fishery,875,6.44,11.39,8.76,3.91,0.03,0.02,10.54,14.03,0.04,10.00,4.02,10.37,0.06,NA
CHINEA064,8/3/2017,Eagle Test Fishery,935,5.33,8.42,6.45,0.09,1.45,3.16,34.00,9.24,3.22,5.79,2.89,9.28,0.01,NA
CHINEA067,8/4/2017,Eagle Test Fishery,760,6.67,10.66,9.84,4.80,0.70,-0.54,10.28,13.34,0.09,10.23,4.26,9.37,0.01,NA
CHINEA068,8/4/2017,Eagle Test Fishery,793,3.74,7.93,4.72,-1.22,-0.34,2.09,7.75,34.00,-0.07,6.81,2.14,8.20,0.07,NA
CHINEA069,8/4/2017,Eagle Test Fishery,862,6.93,34.00,9.35,5.20,0.43,0.38,9.83,14.73,0.47,10.99,4.07,9.30,0.04,NA
CHINEA070,8/4/2017,Eagle Test Fishery,702,6.33,10.27,8.11,2.22,1.27,2.86,8.83,34.00,-0.35,10.59,4.49,10.90,0.00,NA
CHINEA071,8/8/2017,Eagle Test Fishery,866,7.59,10.53,9.18,4.98,1.14,0.20,11.31,34.00,1.38,34.00,4.01,10.27,0.03,NA
CHINEA072,8/8/2017,Eagle Test Fishery,857,7.54,12.13,10.79,5.15,1.21,-0.22,10.84,13.00,-0.10,11.09,5.06,10.91,0.09,NA
CHINEA073,8/8/2017,Eagle Test Fishery,780,7.69,11.26,13.00,5.39,0.82,-0.60,7.67,14.40,-0.41,34.00,4.93,9.38,0.29,NA
CHINEA074,8/8/2017,Eagle Test Fishery,765,7.32,11.67,11.00,6.22,1.22,-0.05,9.55,13.90,-0.68,10.97,4.51,10.44,0.07,NA
CHINEA075,8/8/2017,Eagle Test Fishery,770,7.76,10.95,10.28,7.11,0.93,-1.69,8.13,34.00,0.97,12.01,4.25,9.08,0.24,NA
CHINEA076,8/8/2017,Eagle Test Fishery,865,6.54,9.93,7.92,2.89,1.21,-0.34,34.00,11.94,-0.79,9.35,4.79,34.00,0.05,NA
CHINEA077,8/9/2017,Eagle Test Fishery,833,6.60,9.07,6.63,2.34,3.01,3.03,8.97,34.00,1.76,7.87,4.07,34.00,0.09,NA
CHINEA078,8/9/2017,Eagle Test Fishery,794,7.09,11.71,9.26,4.79,0.61,-0.27,9.26,34.00,-0.56,11.54,4.07,9.97,0.04,NA
CHINAR002,6/30/2016,East Fork Andreafsky River,599,7.33,7.10,8.88,1.51,0.50,0.09,9.18,15.38,0.53,9.56,3.13,10.00,0.68,NA
CHINAR003,6/30/2016,East Fork Andreafsky River,645,7.73,7.53,8.69,3.10,1.21,0.18,8.84,13.98,0.41,9.08,3.76,11.06,0.25,NA
CHINAR004,7/1/2016,East Fork Andreafsky River,505,7.56,7.33,8.98,4.60,0.35,-2.84,9.92,34.00,0.00,8.68,3.21,11.03,3.61,NA
CHINAR006,7/3/2016,East Fork Andreafsky River,711,8.08,8.70,10.62,4.50,-0.27,0.08,9.05,15.74,0.60,10.21,2.99,10.98,3.48,NA
CHINAR007,7/3/2016,East Fork Andreafsky River,798,7.48,7.30,9.33,5.97,0.06,-2.39,10.08,13.51,1.95,8.60,3.89,11.97,1.39,NA
CHINAR008,7/3/2016,East Fork Andreafsky River,727,6.78,8.07,8.87,4.98,-0.86,-2.36,9.42,13.55,0.06,9.63,2.81,10.65,0.90,NA
CHINAR009,7/5/2016,East Fork Andreafsky River,745,8.02,8.59,10.20,2.05,0.98,2.06,8.59,12.26,1.52,8.18,3.43,10.43,2.40,NA
CHINAR010,7/5/2016,East Fork Andreafsky River,726,7.37,6.87,9.62,1.92,0.16,2.06,10.64,34.00,0.89,10.49,3.66,10.27,4.07,NA
CHINAR011,7/5/2016,East Fork Andreafsky River,812,7.95,8.27,10.01,3.86,0.42,1.32,8.19,12.31,-0.37,10.02,2.83,9.58,4.37,NA
CHINAR012,7/5/2016,East Fork Andreafsky River,784,8.22,7.29,11.70,5.09,-0.52,-1.24,8.15,10.81,0.77,9.31,3.13,11.30,1.34,NA
CHINAR013,7/5/2016,East Fork Andreafsky River,742,7.95,8.08,10.54,4.87,0.32,2.31,9.65,13.44,1.66,10.77,3.63,9.63,3.78,NA
CHINAR014,7/5/2016,East Fork Andreafsky River,733,7.93,7.47,10.67,3.33,0.30,3.06,8.86,9.21,1.19,10.33,3.93,10.16,2.14,NA
CHINAR015,7/5/2016,East Fork Andreafsky River,745,7.96,6.78,11.31,5.87,-0.60,2.34,9.02,11.99,2.27,10.10,3.35,9.49,1.04,NA
CHINAR016,7/5/2016,East Fork Andreafsky River,569,8.12,8.16,10.96,5.00,0.88,2.58,7.63,11.65,0.93,9.72,4.55,9.83,2.06,NA
CHINAR017,7/5/2016,East Fork Andreafsky River,742,9.06,10.53,11.07,4.64,0.74,2.56,5.79,34.00,-0.15,9.07,3.94,9.30,0.83,NA
CHINAR018,7/5/2016,East Fork Andreafsky River,843,8.10,9.36,11.22,3.81,1.08,3.45,8.06,12.10,-0.16,9.97,3.98,10.36,2.20,NA
CHINAR019,7/5/2016,East Fork Andreafsky River,597,7.48,7.04,8.42,1.53,0.53,2.16,9.18,34.00,0.08,9.26,3.72,10.56,0.93,NA
CHINAR020,7/5/2016,East Fork Andreafsky River,739,8.30,7.47,9.14,5.89,1.49,-0.32,8.95,14.35,0.14,8.46,3.63,11.65,0.63,NA
CHINAR021,7/6/2016,East Fork Andreafsky River,539,6.68,6.88,6.97,3.69,0.61,0.81,8.25,34.00,-0.84,8.98,2.66,11.41,0.38,NA
CHINAR022,7/7/2016,East Fork Andreafsky River,749,8.53,8.24,11.24,5.61,0.86,-1.30,11.40,15.65,1.75,9.16,3.98,11.74,0.71,NA
CHINAR023,7/7/2016,East Fork Andreafsky River,784,8.64,7.59,10.75,6.02,0.41,-0.31,11.12,13.00,1.08,9.69,3.86,10.35,0.25,NA
CHINAR024,7/7/2016,East Fork Andreafsky River,612,7.37,6.67,8.36,4.59,0.30,1.63,9.76,13.63,0.73,10.15,3.04,10.45,0.86,NA
CHINAR025,7/7/2016,East Fork Andreafsky River,786,8.18,7.46,11.07,6.40,0.75,2.79,11.45,15.41,1.88,10.26,3.53,10.88,0.08,NA
CHINAR026,7/7/2016,East Fork Andreafsky River,748,8.29,8.55,11.28,2.65,1.26,3.19,10.03,16.82,0.25,9.37,4.18,10.02,1.09,NA
CHINAR027,7/7/2016,East Fork Andreafsky River,716,7.51,6.55,9.93,5.19,-1.04,1.97,8.87,14.43,0.43,9.83,2.64,10.30,3.60,NA
CHINAR028,7/7/2016,East Fork Andreafsky River,835,8.22,7.34,10.57,5.69,-0.06,2.73,11.22,34.00,2.29,9.87,2.99,9.66,2.58,NA
CHINAR029,7/7/2016,East Fork Andreafsky River,804,7.79,7.57,8.39,2.72,0.31,2.25,8.17,14.41,1.49,8.18,3.33,10.58,0.25,NA
CHINAR030,7/7/2016,East Fork Andreafsky River,732,7.73,6.93,9.18,5.03,-0.29,1.85,9.69,15.16,0.39,9.72,2.35,9.17,2.96,NA
CHINAR031,7/8/2016,East Fork Andreafsky River,732,7.53,7.26,9.74,5.85,-0.18,3.54,10.11,14.27,0.51,9.64,2.04,9.13,0.17,NA
CHINAR032,7/8/2016,East Fork Andreafsky River,686,8.06,7.56,11.02,6.18,-0.73,2.34,9.42,34.00,0.48,10.47,2.43,9.75,0.27,NA
CHINAR033,7/8/2016,East Fork Andreafsky River,611,7.46,7.32,9.64,3.44,-0.70,3.21,7.31,14.41,-0.27,9.99,2.26,9.79,0.98,NA
CHINAR034,7/8/2016,East Fork Andreafsky River,632,7.40,6.16,8.49,2.65,0.09,3.60,9.74,14.76,0.50,9.21,2.67,9.90,0.16,NA
CHINAR035,7/8/2016,East Fork Andreafsky River,762,8.35,8.14,10.07,4.85,-0.14,2.88,9.15,12.26,0.02,10.27,3.08,10.68,0.31,NA
CHINAR036,7/8/2016,East Fork Andreafsky River,741,8.24,8.71,10.31,4.61,-0.88,3.98,8.66,14.47,0.33,10.01,2.15,10.23,0.35,NA
CHINAR037,7/8/2016,East Fork Andreafsky River,765,7.25,7.70,9.26,5.56,-0.73,2.79,10.33,14.37,0.16,10.57,2.62,9.72,0.86,NA
CHINAR039,7/9/2016,East Fork Andreafsky River,645,7.21,7.57,8.56,1.18,-0.06,3.43,9.43,15.16,-0.46,9.87,2.67,10.44,2.79,NA
CHINAR040,7/9/2016,East Fork Andreafsky River,647,6.33,7.68,7.68,0.93,-0.85,2.80,7.59,14.39,-1.17,9.21,1.62,9.20,1.08,NA
CHINAR041,7/9/2016,East Fork Andreafsky River,620,7.61,8.77,9.16,6.07,0.45,2.85,9.15,13.31,-0.77,9.69,2.95,9.60,0.73,NA
CHINAR042,7/9/2016,East Fork Andreafsky River,785,7.51,8.09,10.06,5.25,0.55,0.47,10.95,13.17,-0.21,9.41,2.85,11.23,0.85,NA
CHINAR043,7/9/2016,East Fork Andreafsky River,803,7.48,7.37,10.64,4.80,0.29,2.17,10.91,11.20,0.01,10.05,2.65,11.09,1.75,NA
CHINAR044,7/9/2016,East Fork Andreafsky River,504,7.23,5.90,6.87,6.17,0.68,4.11,10.26,14.71,0.29,6.83,2.50,11.01,0.37,NA
CHINAR045,7/14/2016,East Fork Andreafsky River,651,8.05,7.13,7.75,4.09,0.73,-3.01,8.80,12.83,0.37,8.59,3.41,12.07,9.32,NA
CHINAR046,7/14/2016,East Fork Andreafsky River,709,7.56,8.13,8.62,2.16,-0.61,-3.61,9.29,14.09,-1.56,10.50,2.73,10.61,5.06,NA
CHINAR047,7/14/2016,East Fork Andreafsky River,593,6.89,6.88,8.65,1.92,-1.57,-4.07,8.09,14.18,-0.24,9.95,1.94,9.56,6.06,NA
CHINAR048,7/14/2016,East Fork Andreafsky River,864,8.48,8.58,9.35,5.17,-0.63,-3.62,9.45,15.92,1.17,9.95,3.27,11.25,5.84,NA
CHINAR049,7/14/2016,East Fork Andreafsky River,753,7.35,8.74,8.35,3.11,-0.87,-3.30,10.91,15.12,1.40,11.47,3.07,10.56,5.33,NA
CHINAR050,6/23/2017,East Fork Andreafsky River,709,6.39,8.22,8.16,3.56,3.41,1.92,9.40,34.00,-1.02,10.53,3.73,11.03,0.01,NA
CHINAR051,6/25/2017,East Fork Andreafsky River,590,7.16,9.09,9.85,7.09,2.56,3.27,10.24,34.00,0.34,11.84,3.72,9.84,0.03,NA
CHINAR052,6/26/2017,East Fork Andreafsky River,464,7.53,8.05,34.00,7.03,2.47,3.57,10.46,34.00,0.20,10.95,3.61,10.01,0.00,NA
CHINAR053,6/26/2017,East Fork Andreafsky River,470,6.61,8.16,34.00,5.59,3.15,2.80,10.30,34.00,-0.02,10.19,3.67,8.36,0.08,NA
CHINAR054,6/27/2017,East Fork Andreafsky River,611,6.51,8.38,9.74,5.10,2.78,4.18,9.65,12.23,0.85,11.34,4.21,9.99,0.07,NA
CHINAR055,6/27/2017,East Fork Andreafsky River,864,6.47,9.92,9.69,5.19,1.10,2.06,9.70,34.00,1.32,11.84,3.43,11.08,0.18,NA
CHINAR056,6/27/2017,East Fork Andreafsky River,556,6.65,8.28,34.00,5.39,2.49,4.34,9.54,12.83,0.76,10.13,3.40,10.88,0.01,NA
CHINAR057,6/28/2017,East Fork Andreafsky River,750,8.22,9.20,11.90,4.93,2.98,0.79,7.66,34.00,-1.04,11.21,3.83,9.08,0.01,NA
CHINAR058,6/29/2017,East Fork Andreafsky River,785,6.62,10.04,10.84,5.64,2.26,1.62,10.83,34.00,1.46,10.27,3.55,10.53,0.35,NA
CHINAR059,6/30/2017,East Fork Andreafsky River,760,6.19,6.83,8.61,4.84,1.91,3.19,9.84,34.00,-1.12,11.19,2.99,9.01,0.04,NA
CHINAR060,6/30/2017,East Fork Andreafsky River,609,6.48,7.44,10.10,5.38,1.97,4.22,9.77,34.00,-0.87,11.26,3.40,8.91,0.01,NA
CHINAR061,6/30/2017,East Fork Andreafsky River,813,5.58,6.17,34.00,2.90,1.35,0.95,7.98,34.00,-0.25,8.41,3.36,8.65,0.08,NA
CHINAR062,7/1/2017,East Fork Andreafsky River,572,7.18,8.75,10.71,5.97,2.94,3.62,10.89,34.00,-0.26,11.87,3.46,9.42,0.00,NA
CHINAR063,7/1/2017,East Fork Andreafsky River,767,6.83,8.17,34.00,4.59,2.48,2.08,10.59,34.00,-0.06,10.87,3.52,11.10,0.00,NA
CHINAR064,7/2/2017,East Fork Andreafsky River,757,6.16,8.95,8.82,5.11,2.43,2.00,9.35,34.00,0.32,10.50,3.43,9.82,0.00,NA
CHINAR065,7/2/2017,East Fork Andreafsky River,730,6.49,7.47,8.06,4.54,2.44,0.63,10.06,34.00,-0.40,8.64,3.44,7.89,0.04,NA
CHINAR066,7/2/2017,East Fork Andreafsky River,809,6.69,8.73,9.69,4.91,2.59,-0.05,8.68,34.00,-0.75,9.72,3.66,9.48,0.07,NA
CHINAR067,7/2/2017,East Fork Andreafsky River,590,6.73,8.31,6.68,6.23,1.53,3.36,7.43,34.00,-0.27,10.04,3.91,10.32,0.02,NA
CHINAR068,7/2/2017,East Fork Andreafsky River,565,7.05,9.53,9.64,5.78,2.16,2.64,8.68,34.00,0.06,10.69,3.77,10.19,0.00,NA
CHINAR069,7/2/2017,East Fork Andreafsky River,535,6.40,8.21,8.90,5.50,3.00,3.10,9.36,34.00,0.62,11.80,3.65,10.16,0.01,NA
CHINAR070,7/2/2017,East Fork Andreafsky River,534,5.46,7.20,8.78,5.06,2.52,2.35,10.01,34.00,0.31,10.13,3.32,8.66,0.01,NA
CHINAR071,7/2/2017,East Fork Andreafsky River,515,5.82,7.79,9.71,4.05,2.02,2.10,9.63,34.00,1.01,9.04,3.64,8.65,0.01,NA
CHINAR072,7/2/2017,East Fork Andreafsky River,820,6.86,7.12,34.00,4.28,2.76,-0.50,10.67,34.00,0.42,10.79,3.81,11.40,0.20,NA
CHINAR073,7/2/2017,East Fork Andreafsky River,794,6.68,7.56,9.68,5.40,2.06,0.59,9.21,34.00,-0.28,8.60,2.85,10.18,0.08,NA
CHINAR074,7/2/2017,East Fork Andreafsky River,673,6.09,7.09,9.30,5.92,2.34,2.13,10.54,34.00,0.00,11.85,3.58,34.00,0.01,NA
CHINAR075,7/3/2017,East Fork Andreafsky River,468,7.44,8.00,11.26,3.15,2.46,1.66,5.14,34.00,-3.51,11.13,3.08,7.07,0.01,NA
CHINAR076,7/4/2017,East Fork Andreafsky River,533,7.48,8.55,8.77,5.45,3.41,2.75,8.19,34.00,-1.69,10.58,4.10,11.03,0.00,NA
CHINAR077,7/4/2017,East Fork Andreafsky River,530,6.07,6.38,7.75,4.92,-0.28,2.90,6.77,34.00,1.83,8.34,2.71,11.06,0.08,NA
CHINAR078,7/4/2017,East Fork Andreafsky River,780,7.14,8.58,10.79,6.67,2.09,2.38,11.37,34.00,1.59,11.68,4.09,10.23,0.01,NA
CHINAR079,7/5/2017,East Fork Andreafsky River,521,5.74,7.13,7.38,5.58,2.50,1.14,9.97,12.11,0.37,9.63,3.48,8.94,0.01,NA
CHINAR080,7/5/2017,East Fork Andreafsky River,605,6.22,6.76,8.97,6.36,2.35,2.95,12.45,34.00,0.24,10.25,3.74,10.16,0.01,NA
CHINAR081,7/5/2017,East Fork Andreafsky River,823,6.91,6.97,8.74,4.89,1.34,0.61,8.70,34.00,0.09,10.74,3.17,9.68,0.23,NA
CHINAR082,7/5/2017,East Fork Andreafsky River,484,7.64,9.89,10.51,6.81,3.17,2.61,9.59,34.00,-0.55,10.92,4.10,9.47,0.00,NA
CHINAR083,7/5/2017,East Fork Andreafsky River,759,7.38,8.53,9.48,5.06,1.94,-0.42,9.70,34.00,-0.31,9.94,3.38,34.00,0.02,NA
CHINAR084,7/5/2017,East Fork Andreafsky River,482,6.12,7.03,9.01,5.90,2.70,2.09,10.72,34.00,0.09,10.01,3.95,9.18,0.01,NA
CHINAR085,7/5/2017,East Fork Andreafsky River,501,6.56,8.20,9.50,6.57,2.48,2.18,9.81,34.00,-0.39,10.88,3.56,9.19,0.00,NA
CHINAR086,7/5/2017,East Fork Andreafsky River,761,6.51,8.99,9.43,5.02,1.51,1.92,9.78,34.00,0.24,12.06,4.11,11.34,0.30,NA
CHINAR087,7/5/2017,East Fork Andreafsky River,753,7.66,9.89,12.17,5.16,2.15,1.33,9.42,34.00,0.46,8.85,4.29,34.00,0.12,NA
CHINAR088,7/5/2017,East Fork Andreafsky River,704,7.75,9.25,11.07,5.39,1.57,-0.25,10.76,34.00,1.07,11.42,3.76,10.90,0.21,NA
CHINAR089,7/5/2017,East Fork Andreafsky River,582,6.63,8.32,9.62,5.57,2.75,2.11,9.58,34.00,0.01,10.18,2.95,10.29,0.00,NA
CHINEM001,6/10/2016,Emmonak Test Fishery,723,8.39,8.23,12.15,2.00,1.28,0.15,9.97,10.60,0.07,11.80,2.18,9.67,0.75,NA
CHINEM002,6/10/2016,Emmonak Test Fishery,874,7.06,7.31,9.44,1.12,1.86,3.77,9.37,10.17,-1.80,10.48,3.11,8.19,0.42,NA
CHINEM003,6/10/2016,Emmonak Test Fishery,891,5.69,6.28,7.39,-2.24,1.64,0.53,7.85,7.75,-1.24,9.11,2.97,7.54,0.20,NA
CHINEM004,6/10/2016,Emmonak Test Fishery,863,5.19,3.71,5.67,-1.18,2.55,1.04,8.24,10.32,1.37,6.54,2.93,10.59,0.08,NA
CHINEM005,6/10/2016,Emmonak Test Fishery,912,4.94,6.39,6.17,-1.38,2.41,2.93,6.30,12.08,-0.61,9.36,2.83,6.78,0.02,NA
CHINEM006,6/10/2016,Emmonak Test Fishery,921,5.16,4.67,5.48,-1.40,2.73,3.80,7.16,13.56,-0.89,8.99,3.03,7.64,0.03,NA
CHINEM007,6/10/2016,Emmonak Test Fishery,730,4.34,3.63,5.50,-1.98,1.92,2.38,7.71,11.77,-1.48,8.50,2.35,6.63,0.01,NA
CHINEM008,6/10/2016,Emmonak Test Fishery,719,5.45,6.17,6.56,-0.82,3.11,2.20,6.72,12.51,-2.08,9.16,3.43,8.38,0.01,NA
CHINEM009,6/11/2016,Emmonak Test Fishery,778,6.26,5.69,7.40,2.66,1.80,1.03,9.37,14.37,-2.31,9.05,2.09,8.48,0.04,NA
CHINEM010,6/11/2016,Emmonak Test Fishery,808,6.98,7.21,10.01,2.12,1.53,0.37,8.23,7.94,-1.40,8.48,3.16,8.50,0.36,NA
CHINEM011,6/11/2016,Emmonak Test Fishery,932,4.99,3.30,4.93,-2.30,1.06,-0.02,7.36,11.60,-0.80,8.36,2.25,10.26,0.00,NA
CHINEM012,6/11/2016,Emmonak Test Fishery,790,6.33,7.50,9.91,4.67,1.75,6.44,11.33,34.00,0.09,11.88,2.78,9.22,0.93,NA
CHINEM013,6/11/2016,Emmonak Test Fishery,811,6.97,6.50,9.00,0.40,3.14,3.30,7.43,34.00,-3.90,34.00,4.20,6.96,0.04,NA
CHINEM014,6/11/2016,Emmonak Test Fishery,889,34.00,3.89,34.00,-6.47,-1.58,-6.20,0.13,34.00,-10.16,34.00,0.07,-0.46,0.23,NA
CHINEM015,6/11/2016,Emmonak Test Fishery,885,34.00,0.73,34.00,-6.97,-1.56,-3.47,1.07,0.76,-10.37,34.00,34.00,34.00,0.00,NA
CHINEM016,6/11/2016,Emmonak Test Fishery,829,7.08,7.66,9.42,3.32,2.64,4.71,10.79,10.87,-1.03,10.83,3.56,9.46,0.01,NA
CHINEM017,6/12/2016,Emmonak Test Fishery,781,4.94,6.38,6.66,-1.06,2.98,1.30,7.15,34.00,-4.43,9.49,4.97,5.51,0.02,NA
CHINEM018,6/12/2016,Emmonak Test Fishery,885,7.67,8.67,8.38,-1.26,3.30,1.82,8.67,11.83,-1.05,10.98,4.36,8.97,0.48,NA
CHINEM019,6/12/2016,Emmonak Test Fishery,737,6.68,6.76,6.88,-1.87,2.72,1.55,5.95,34.00,-3.94,9.90,3.73,8.82,0.02,NA
CHINEM020,6/12/2016,Emmonak Test Fishery,858,5.69,8.07,7.01,-2.68,2.67,-0.41,6.60,6.76,-2.38,9.70,3.93,8.41,0.22,NA
CHINEM021,6/12/2016,Emmonak Test Fishery,721,6.11,7.00,6.83,-3.36,2.86,0.36,7.08,8.70,-2.18,10.47,3.49,6.98,0.01,NA
CHINEM022,6/12/2016,Emmonak Test Fishery,811,8.17,11.49,9.28,-0.54,2.99,0.37,8.68,8.10,-1.38,11.72,4.31,9.92,0.24,NA
CHINEM023,6/12/2016,Emmonak Test Fishery,691,5.99,6.05,6.49,-1.49,2.78,2.48,7.69,12.56,-1.66,10.67,3.76,6.72,0.01,NA
CHINEM024,6/12/2016,Emmonak Test Fishery,1000,5.56,5.71,5.76,-1.53,2.33,1.22,5.95,11.89,-2.13,8.93,3.82,7.99,0.08,NA
CHINEM025,6/12/2016,Emmonak Test Fishery,852,6.80,6.84,7.74,-0.80,2.64,3.30,8.18,13.34,-1.24,11.15,3.00,8.55,0.11,NA
CHINEM026,6/12/2016,Emmonak Test Fishery,872,5.57,6.91,8.02,-1.68,1.01,-0.47,7.95,3.55,-0.10,8.36,1.75,8.27,0.04,NA
CHINEM027,6/12/2016,Emmonak Test Fishery,749,6.84,7.02,9.83,4.58,1.10,3.94,10.95,14.12,-0.42,11.04,2.16,9.58,0.00,NA
CHINEM028,6/12/2016,Emmonak Test Fishery,848,7.14,8.52,10.32,0.45,1.70,1.18,10.39,7.66,1.34,10.94,2.26,10.03,0.05,NA
CHINEM029,6/12/2016,Emmonak Test Fishery,757,6.51,9.59,9.54,-2.68,2.11,-0.30,6.67,5.57,-2.10,9.84,2.52,7.57,0.70,NA
CHINEM030,6/12/2016,Emmonak Test Fishery,763,6.64,9.29,8.33,-2.42,2.56,-1.23,6.38,5.53,-2.46,8.71,2.52,9.18,0.01,NA
CHINEM031,6/14/2016,Emmonak Test Fishery,974,5.75,7.53,6.88,-1.46,2.60,2.64,7.24,10.76,-1.60,10.41,3.35,9.48,0.01,NA
CHINEM032,6/14/2016,Emmonak Test Fishery,921,6.52,7.90,8.35,0.42,0.97,2.00,8.91,9.13,-0.07,9.48,3.29,8.63,0.57,NA
CHINEM033,6/14/2016,Emmonak Test Fishery,701,6.98,8.28,8.36,0.70,3.16,4.66,7.27,13.57,-2.23,8.91,3.53,9.03,0.01,NA
CHINEM034,6/14/2016,Emmonak Test Fishery,857,6.67,7.72,9.16,-0.27,1.97,2.33,8.46,6.47,-1.32,10.50,3.21,9.93,0.01,NA
CHINEM035,6/14/2016,Emmonak Test Fishery,895,7.28,7.88,8.48,0.32,2.15,4.03,10.23,14.98,-0.25,10.26,3.15,10.55,0.03,NA
CHINEM037,6/18/2016,Emmonak Test Fishery,330,6.39,7.55,9.10,0.96,2.23,4.62,8.00,14.61,-3.93,12.12,3.21,9.56,0.00,NA
CHINEM038,6/18/2016,Emmonak Test Fishery,874,6.02,6.12,6.94,-2.35,1.11,-0.38,7.44,7.78,-1.07,8.46,1.90,9.86,0.02,NA
CHINEM039,6/18/2016,Emmonak Test Fishery,835,6.77,8.20,10.45,-1.67,1.31,-2.42,6.24,5.09,-0.82,8.80,2.38,9.96,0.12,NA
CHINEM041,6/18/2016,Emmonak Test Fishery,736,6.46,6.52,7.23,-0.86,1.13,0.44,9.90,11.28,-0.28,9.66,1.94,10.12,0.04,NA
CHINEM042,6/18/2016,Emmonak Test Fishery,719,5.66,6.56,6.61,-0.47,1.08,0.06,9.58,13.50,-1.39,10.70,2.21,8.76,0.01,NA
CHINEM043,6/18/2016,Emmonak Test Fishery,628,6.36,5.60,6.53,-0.15,1.51,0.06,10.24,14.60,-0.42,10.47,1.94,8.67,0.01,NA
CHINEM044,6/18/2016,Emmonak Test Fishery,712,5.57,5.31,6.04,0.34,1.11,0.30,7.57,13.11,-2.13,6.92,2.07,9.14,0.03,NA
CHINEM045,6/18/2016,Emmonak Test Fishery,777,6.27,6.04,8.67,3.79,1.75,5.85,10.08,13.26,-1.22,9.85,2.40,10.20,0.01,NA
CHINEM046,6/18/2016,Emmonak Test Fishery,633,6.69,8.34,9.43,0.60,1.05,-2.16,6.84,7.38,-1.56,9.24,2.41,10.12,0.87,NA
CHINEM047,6/18/2016,Emmonak Test Fishery,779,4.70,6.08,6.26,-1.43,2.69,2.71,8.43,13.64,-1.72,10.03,2.88,9.43,0.03,NA
CHINEM048,6/8/2017,Emmonak Test Fishery,903,6.41,7.54,9.78,3.40,3.33,1.80,34.00,34.00,-0.63,34.00,3.53,9.67,0.05,NA
CHINEM049,6/10/2017,Emmonak Test Fishery,893,6.04,7.61,9.18,3.93,3.47,1.29,9.13,34.00,-1.78,10.20,3.47,8.17,0.08,NA
CHINEM051,6/10/2017,Emmonak Test Fishery,742,5.57,7.17,10.47,3.63,3.26,2.57,7.78,34.00,-0.93,9.91,3.23,8.48,0.14,NA
CHINEM052,6/10/2017,Emmonak Test Fishery,772,6.88,7.89,11.38,2.65,2.78,-1.54,8.34,34.00,-2.12,10.79,3.63,6.39,3.21,NA
CHINEM053,6/10/2017,Emmonak Test Fishery,817,5.21,6.22,8.42,3.74,2.21,-1.09,9.92,34.00,-0.69,10.32,3.20,8.21,2.64,NA
CHINEM054,6/12/2017,Emmonak Test Fishery,855,5.29,6.84,34.00,2.39,1.98,-0.11,7.33,10.14,-0.74,10.15,3.59,6.68,2.09,NA
CHINEM055,6/12/2017,Emmonak Test Fishery,785,7.74,8.42,9.53,1.97,3.24,0.20,7.15,9.85,-1.77,11.64,3.62,7.68,0.04,NA
CHINEM056,6/12/2017,Emmonak Test Fishery,808,6.34,7.86,34.00,2.50,3.28,-0.70,7.94,6.50,-1.63,10.15,3.26,8.70,0.01,NA
CHINEM057,6/12/2017,Emmonak Test Fishery,804,6.62,8.57,9.53,1.40,3.00,2.48,8.69,12.64,-2.23,12.22,3.36,8.27,0.64,NA
CHINEM059,6/16/2017,Emmonak Test Fishery,746,5.42,7.11,7.82,3.24,2.03,0.96,10.06,34.00,0.56,8.88,3.16,8.09,0.16,NA
CHINEM060,6/16/2017,Emmonak Test Fishery,812,4.57,5.75,7.44,2.14,1.94,-0.36,8.96,34.00,-0.36,9.06,3.30,8.02,0.40,NA
CHINEM062,6/18/2017,Emmonak Test Fishery,872,4.63,3.75,6.30,2.19,0.64,-3.23,8.14,34.00,-1.03,7.78,2.32,6.64,3.22,NA
CHINEM063,6/18/2017,Emmonak Test Fishery,648,5.47,7.80,10.80,4.17,2.15,0.96,10.31,34.00,-0.50,10.80,3.07,8.02,0.18,NA
CHINEM064,6/18/2017,Emmonak Test Fishery,693,6.03,7.28,10.05,3.32,2.40,1.06,9.95,34.00,-1.70,12.46,2.99,7.39,0.01,NA
CHINEM065,6/19/2017,Emmonak Test Fishery,791,6.05,8.16,10.41,4.52,2.10,3.94,10.17,34.00,-1.08,10.28,3.15,8.18,0.08,NA
CHINEM066,6/19/2017,Emmonak Test Fishery,724,5.84,6.83,8.21,3.51,2.58,1.92,9.93,15.20,-1.27,11.70,2.46,8.11,0.03,NA
CHINEM067,6/19/2017,Emmonak Test Fishery,824,6.30,9.52,11.19,3.65,2.00,-1.02,8.19,8.00,0.02,10.94,2.94,8.73,0.03,NA
CHINEM068,6/19/2017,Emmonak Test Fishery,879,4.12,4.67,5.06,0.28,0.92,-0.58,9.15,34.00,-0.02,8.06,1.81,6.70,0.06,NA
CHINEM069,6/19/2017,Emmonak Test Fishery,797,5.87,7.72,9.08,1.00,2.56,-1.31,8.10,7.40,-1.15,7.64,2.51,8.42,0.22,NA
CHINEM070,6/19/2017,Emmonak Test Fishery,712,4.51,6.11,6.93,4.09,1.46,2.15,9.54,34.00,-1.31,8.68,2.50,5.93,0.00,NA
CHINEM071,6/19/2017,Emmonak Test Fishery,568,5.06,8.53,10.53,3.82,1.28,-1.65,7.79,10.17,-0.68,9.24,2.15,9.14,0.12,NA
CHINEM072,6/19/2017,Emmonak Test Fishery,555,6.59,8.42,9.76,4.92,2.96,5.74,11.50,34.00,-1.33,12.03,3.76,10.38,0.02,NA
CHINEM073,6/19/2017,Emmonak Test Fishery,843,6.80,8.44,12.38,4.79,2.12,0.68,7.57,8.48,-0.10,11.46,3.25,8.22,0.02,NA
CHINEM074,6/19/2017,Emmonak Test Fishery,830,6.08,34.00,9.42,4.26,3.01,2.20,9.68,7.96,-0.31,11.82,3.45,10.25,0.02,NA
CHINEM075,6/19/2017,Emmonak Test Fishery,670,5.29,7.96,8.69,3.95,2.37,2.42,8.83,34.00,-1.67,10.83,2.58,8.43,0.01,NA
CHINEM076,6/19/2017,Emmonak Test Fishery,733,4.99,6.81,9.98,3.70,1.95,2.09,9.60,14.70,-0.90,10.78,2.75,9.41,0.00,NA
CHINEM077,6/19/2017,Emmonak Test Fishery,854,5.33,7.42,8.98,2.59,2.50,-0.43,9.50,10.62,-0.81,9.60,3.47,8.40,0.03,NA
CHINEM078,6/19/2017,Emmonak Test Fishery,769,6.46,7.75,34.00,4.21,3.22,6.31,9.64,34.00,-0.80,10.58,3.45,8.47,0.01,NA
CHINEM079,6/19/2017,Emmonak Test Fishery,670,4.34,5.06,6.59,2.33,1.96,1.88,8.17,34.00,-1.80,9.10,2.61,6.39,0.02,NA
CHINEM080,6/20/2017,Emmonak Test Fishery,720,5.05,8.15,8.56,3.39,2.46,3.64,9.73,34.00,-1.63,11.28,3.11,8.88,0.00,NA
CHINEM081,6/20/2017,Emmonak Test Fishery,762,4.63,4.88,7.26,3.21,2.65,0.89,8.32,34.00,-1.98,8.08,2.71,6.37,0.00,NA
CHINEM082,6/20/2017,Emmonak Test Fishery,719,5.99,6.40,10.41,4.10,2.78,4.61,9.79,34.00,-1.03,11.50,3.12,9.43,0.01,NA
CHINEM083,6/21/2017,Emmonak Test Fishery,838,6.13,8.22,7.42,0.84,1.49,-0.78,7.38,7.95,-0.55,34.00,2.06,7.41,0.10,NA
CHINEM085,6/21/2017,Emmonak Test Fishery,822,6.63,8.09,11.90,2.45,2.66,-0.76,9.89,6.27,0.35,10.60,3.67,8.30,0.01,NA
CHINEM086,6/21/2017,Emmonak Test Fishery,764,6.80,8.38,34.00,2.90,3.55,2.07,8.77,9.20,-0.88,10.67,3.33,8.71,0.01,NA
CHINEM087,6/21/2017,Emmonak Test Fishery,801,8.15,11.47,34.00,2.43,3.25,-0.05,9.00,10.19,-0.67,12.15,4.69,9.90,0.47,NA
CHINEM088,6/21/2017,Emmonak Test Fishery,782,4.76,6.93,8.55,3.05,2.61,2.85,7.74,11.27,-1.92,9.18,3.20,7.19,2.05,NA
CHINEM089,6/21/2017,Emmonak Test Fishery,805,6.14,8.32,8.36,2.45,2.65,2.69,8.44,34.00,-0.34,10.09,3.99,7.14,0.01,NA
CHINGR001,7/4/2016,Gisasa River,676,8.51,7.46,11.00,6.13,0.47,1.76,11.17,15.87,1.36,10.65,3.30,11.37,0.07,NA
CHINGR002,7/4/2016,Gisasa River,623,7.14,6.65,10.37,6.13,-0.59,1.07,10.97,14.38,1.06,10.36,2.57,9.94,0.12,NA
CHINGR003,7/4/2016,Gisasa River,690,6.68,6.66,7.90,0.66,-1.65,1.57,7.98,13.79,0.79,8.60,1.87,10.53,0.10,NA
CHINGR004,7/4/2016,Gisasa River,661,6.94,6.79,8.24,0.38,-0.75,1.89,8.89,14.10,-0.04,9.47,2.26,11.15,0.51,NA
CHINGR005,7/4/2016,Gisasa River,643,6.51,4.98,8.26,2.85,-0.27,1.68,10.55,34.00,1.32,9.73,1.86,9.71,0.02,NA
CHINGR006,7/4/2016,Gisasa River,578,6.48,6.85,7.98,2.08,0.98,2.77,9.47,15.65,0.11,10.10,2.62,10.56,0.02,NA
CHINGR007,7/4/2016,Gisasa River,894,7.83,7.97,8.93,5.68,-0.12,2.00,8.62,13.21,0.32,6.23,2.34,10.88,0.28,NA
CHINGR008,7/4/2016,Gisasa River,568,8.13,7.31,9.13,6.04,0.16,1.22,9.60,14.03,0.31,10.23,2.86,10.31,0.05,NA
CHINGR009,7/5/2016,Gisasa River,674,7.34,7.01,8.31,3.62,-0.38,2.04,8.83,34.00,0.81,10.80,2.70,11.02,0.15,NA
CHINGR011,7/5/2016,Gisasa River,680,6.80,6.13,7.05,-0.21,0.95,2.46,8.28,13.64,0.01,9.67,2.50,10.68,0.03,NA
CHINGR012,7/5/2016,Gisasa River,756,8.01,7.33,9.46,5.01,0.02,0.99,9.13,8.48,-0.02,8.38,2.99,11.01,0.61,NA
CHINGR013,7/5/2016,Gisasa River,519,6.28,6.57,8.07,4.44,-0.48,0.04,10.13,13.65,0.52,9.86,2.45,9.69,0.03,NA
CHINGR015,7/5/2016,Gisasa River,729,7.00,7.73,8.64,2.99,1.07,1.82,8.96,8.29,0.04,9.02,3.79,13.58,0.06,NA
CHINGR016,7/5/2016,Gisasa River,771,7.53,7.87,10.11,7.22,0.13,-0.41,11.75,14.50,1.25,8.67,2.77,12.15,0.17,NA
CHINGR017,7/5/2016,Gisasa River,617,7.17,5.90,8.75,4.43,0.14,0.54,8.83,12.59,0.49,8.87,2.74,11.12,0.20,NA
CHINGR018,7/11/2016,Gisasa River,770,8.19,7.30,10.14,6.16,-0.49,0.64,10.49,10.56,0.97,9.42,3.38,11.74,0.77,NA
CHINGR019,7/11/2016,Gisasa River,820,9.32,7.94,11.74,5.60,0.14,2.05,10.34,13.07,1.69,8.94,2.92,12.74,0.16,NA
CHINGR020,7/11/2016,Gisasa River,747,7.86,7.83,8.59,3.63,0.62,2.79,8.98,13.68,0.26,10.02,2.85,12.03,0.08,NA
CHINGR021,7/11/2016,Gisasa River,535,7.20,6.59,8.73,3.99,0.53,2.11,8.73,14.59,-0.68,11.09,2.73,10.40,0.20,NA
CHINGR022,7/11/2016,Gisasa River,543,7.65,5.91,10.30,6.03,0.26,1.89,10.19,15.20,0.21,10.53,2.80,10.62,0.03,NA
CHINGR023,7/12/2016,Gisasa River,659,7.82,7.08,11.01,5.46,0.58,2.66,11.09,16.28,0.66,9.38,3.16,10.42,0.04,NA
CHINGR024,7/12/2016,Gisasa River,818,7.46,7.26,10.58,8.10,-0.40,1.61,12.43,34.00,0.79,8.69,2.58,10.89,0.07,NA
CHINGR025,7/12/2016,Gisasa River,537,7.67,8.15,9.96,7.37,0.54,2.84,11.24,34.00,0.35,12.37,3.37,10.31,0.01,NA
CHINGR026,7/12/2016,Gisasa River,738,7.88,6.57,8.58,1.63,1.16,2.14,10.13,13.65,-0.25,8.92,2.62,11.73,0.04,NA
CHINGR027,7/12/2016,Gisasa River,680,7.45,6.56,10.07,6.59,-0.67,0.76,11.37,17.44,0.26,10.45,2.58,11.40,0.06,NA
CHINGR028,7/12/2016,Gisasa River,736,7.83,7.74,9.77,3.28,0.85,1.16,8.75,11.70,-0.19,9.49,3.84,12.36,0.50,NA
CHINGR029,7/12/2016,Gisasa River,540,7.87,7.56,9.03,1.97,2.53,3.67,8.91,12.33,-0.28,7.97,2.55,10.83,0.20,NA
CHINGR030,7/18/2016,Gisasa River,793,8.35,7.84,10.84,5.33,-0.22,0.90,8.60,13.96,-0.48,8.08,3.35,12.63,0.28,NA
CHINGR031,7/18/2016,Gisasa River,626,8.28,7.92,10.35,5.64,0.30,3.25,10.04,16.26,-0.33,11.58,3.18,10.17,0.53,NA
CHINGR032,7/18/2016,Gisasa River,678,9.17,7.72,10.05,1.00,1.21,1.65,7.38,34.00,-2.40,10.74,2.75,11.42,0.74,NA
CHINGR033,7/18/2016,Gisasa River,537,9.18,9.63,11.15,5.23,0.96,1.94,8.33,15.48,-1.16,9.92,3.25,11.98,0.46,NA
CHINGR034,7/18/2016,Gisasa River,633,7.27,5.09,9.35,6.17,-1.05,0.86,10.73,34.00,0.98,9.92,2.22,10.41,0.21,NA
CHINGR035,7/18/2016,Gisasa River,803,9.09,9.83,11.83,4.65,0.96,0.75,9.71,9.50,0.17,10.22,3.80,12.17,1.92,NA
CHINGR036,7/18/2016,Gisasa River,520,8.78,7.56,10.06,6.06,0.40,0.86,9.00,34.00,-0.29,10.01,3.16,12.40,0.34,NA
CHINGR037,7/18/2016,Gisasa River,635,8.82,8.35,34.00,5.20,1.13,0.95,5.75,34.00,-3.52,10.80,2.72,10.10,0.58,NA
CHINGR038,7/18/2016,Gisasa River,649,7.88,9.29,10.58,4.71,0.41,2.12,7.01,34.00,-2.91,11.97,2.61,10.65,1.90,NA
CHINGR039,7/18/2016,Gisasa River,538,7.26,7.30,10.04,3.80,0.37,0.76,6.71,34.00,-3.14,10.85,2.58,9.89,0.59,NA
CHINGR040,7/18/2016,Gisasa River,671,7.24,7.84,9.70,4.04,0.01,1.13,7.21,34.00,-2.44,9.46,2.78,10.11,0.98,NA
CHINGR041,7/3/2017,Gisasa River,733,5.68,6.19,8.54,5.18,0.97,0.45,34.00,34.00,2.10,9.51,2.39,7.97,0.03,NA
CHINGR042,7/3/2017,Gisasa River,642,5.80,8.24,9.56,3.82,1.99,0.85,9.65,34.00,-0.78,34.00,2.98,8.02,0.01,NA
CHINGR043,7/3/2017,Gisasa River,687,6.61,7.31,9.72,4.92,1.07,0.84,10.61,34.00,0.79,34.00,3.13,9.37,0.02,NA
CHINGR045,7/3/2017,Gisasa River,501,6.38,7.11,10.37,5.85,1.38,0.41,8.48,34.00,-0.28,11.05,3.33,10.47,0.01,NA
CHINGR046,7/3/2017,Gisasa River,475,5.73,6.27,8.29,5.81,1.47,0.67,9.13,34.00,0.73,9.31,3.20,6.41,0.03,NA
CHINGR047,7/4/2017,Gisasa River,710,6.19,7.39,9.65,5.03,0.98,1.36,10.59,34.00,0.99,34.00,3.42,34.00,0.88,NA
CHINGR048,7/4/2017,Gisasa River,520,6.20,6.29,8.43,6.06,1.91,0.98,9.22,34.00,1.05,10.84,3.35,9.42,0.01,NA
CHINGR049,7/4/2017,Gisasa River,618,6.87,8.02,34.00,5.25,1.26,0.93,8.96,34.00,-0.98,10.07,3.78,9.67,0.08,NA
CHINGR050,7/4/2017,Gisasa River,644,34.00,6.16,34.00,4.59,1.99,0.25,34.00,34.00,-0.41,34.00,3.69,34.00,0.05,NA
CHINGR051,7/4/2017,Gisasa River,816,7.30,8.24,12.21,4.81,0.98,0.08,10.06,8.58,0.10,10.39,3.21,34.00,1.23,NA
CHINGR052,7/4/2017,Gisasa River,666,5.30,5.46,7.90,6.19,0.53,0.84,34.00,34.00,-0.56,9.36,2.51,34.00,0.08,NA
CHINGR053,7/4/2017,Gisasa River,790,7.02,6.74,34.00,5.51,1.40,-1.27,34.00,34.00,-0.76,9.49,3.12,9.92,0.33,NA
CHINGR054,7/4/2017,Gisasa River,765,6.75,6.97,9.99,3.80,1.09,-0.82,10.99,34.00,0.03,34.00,3.05,11.15,0.47,NA
CHINGR055,7/11/2017,Gisasa River,622,7.08,8.85,9.89,6.08,0.42,1.24,9.64,34.00,-0.49,11.00,3.34,34.00,0.34,NA
CHINGR056,7/11/2017,Gisasa River,690,6.12,7.69,34.00,4.78,-0.26,-0.28,34.00,34.00,0.80,12.29,3.08,10.73,1.20,NA
CHINGR057,7/11/2017,Gisasa River,629,7.91,10.11,11.63,6.08,0.47,2.96,10.72,34.00,1.30,13.04,4.18,10.62,0.09,NA
CHINGR058,7/11/2017,Gisasa River,498,6.16,8.40,11.52,5.33,1.69,1.51,7.41,34.00,-0.80,12.95,3.51,10.71,3.48,NA
CHINGR059,7/11/2017,Gisasa River,714,4.97,6.84,34.00,5.93,0.50,2.57,9.29,34.00,-1.19,8.75,3.38,8.82,0.53,NA
CHINGR060,7/11/2017,Gisasa River,750,8.57,8.02,11.82,4.89,0.49,1.00,9.28,14.71,-0.04,11.77,4.09,11.42,1.55,NA
CHINGR061,7/11/2017,Gisasa River,674,7.60,10.29,34.00,5.66,1.10,2.97,10.05,34.00,0.61,10.99,4.52,34.00,0.89,NA
CHINGR062,7/12/2017,Gisasa River,803,6.18,34.00,34.00,4.28,-1.59,-0.02,34.00,34.00,3.12,34.00,2.50,34.00,1.18,NA
CHINGR063,7/12/2017,Gisasa River,711,7.76,9.25,34.00,6.10,0.24,3.18,10.45,34.00,1.16,11.64,4.02,10.45,0.15,NA
CHINGR064,7/12/2017,Gisasa River,518,6.41,9.22,34.00,5.27,1.73,3.61,8.66,34.00,-1.54,34.00,4.07,10.27,1.03,NA
CHINGR065,7/12/2017,Gisasa River,727,6.12,8.38,9.85,3.15,0.14,0.28,11.38,34.00,1.87,9.65,4.09,8.66,5.36,NA
CHINGR066,7/12/2017,Gisasa River,764,5.89,8.31,11.43,4.81,1.24,3.02,9.63,13.54,-0.51,10.01,3.82,9.25,0.16,NA
CHINGR067,7/12/2017,Gisasa River,526,5.46,7.00,8.60,6.38,1.14,2.60,9.49,34.00,0.14,34.00,3.27,8.88,0.00,NA
CHINGR068,7/12/2017,Gisasa River,673,5.69,6.58,9.14,5.68,-0.14,0.93,10.07,34.00,0.64,10.85,2.87,11.32,0.13,NA
CHINGR069,7/19/2017,Gisasa River,758,5.08,7.24,6.91,4.79,0.28,2.03,34.00,34.00,1.15,8.68,3.25,7.73,0.65,NA
CHINGR070,7/19/2017,Gisasa River,702,5.47,6.96,9.86,4.81,-1.07,1.13,8.58,34.00,0.66,9.04,3.27,8.09,0.36,NA
CHINGR071,7/19/2017,Gisasa River,777,5.62,6.91,34.00,5.65,-1.07,0.48,11.68,34.00,1.54,10.80,2.70,9.11,0.49,NA
CHINGR072,7/19/2017,Gisasa River,673,6.02,8.95,34.00,5.48,-0.21,-0.25,8.18,34.00,-0.49,11.11,3.95,10.64,0.50,NA
CHINGR073,7/19/2017,Gisasa River,872,7.84,9.78,11.64,5.12,0.23,2.72,11.29,34.00,2.43,11.93,4.52,11.21,0.18,NA
CHINGR074,7/19/2017,Gisasa River,504,5.85,7.93,34.00,5.37,0.15,2.73,7.90,34.00,-0.08,34.00,3.92,8.02,0.57,NA
CHINGR075,7/19/2017,Gisasa River,670,6.96,9.13,10.76,3.76,1.21,2.79,10.05,34.00,0.64,12.34,4.36,10.94,0.18,NA
CHINGR076,7/19/2017,Gisasa River,513,5.79,6.79,9.67,4.64,0.75,2.64,9.54,34.00,-0.79,11.15,3.92,9.38,0.59,NA
CHINGR077,7/20/2017,Gisasa River,720,6.18,7.77,34.00,4.42,-0.05,2.50,9.17,11.88,-1.34,9.73,3.49,8.83,0.26,NA
CHINGR078,7/20/2017,Gisasa River,775,7.32,10.13,11.53,4.52,0.29,0.72,34.00,34.00,0.43,12.28,4.75,11.19,1.49,NA
CHINGR079,7/20/2017,Gisasa River,503,7.84,9.35,10.75,5.87,0.81,3.40,10.50,34.00,0.80,12.07,4.02,11.38,0.48,NA
CHINGR080,7/20/2017,Gisasa River,732,34.00,7.72,34.00,4.33,0.84,2.08,9.86,12.34,1.50,34.00,4.43,34.00,0.49,NA
CHINRA001,7/6/2016,Rapids Fish Wheel,530,7.40,9.50,9.11,6.48,0.56,2.45,8.09,12.86,-0.97,10.34,3.79,9.58,0.01,NA
CHINRA002,7/6/2016,Rapids Fish Wheel,550,6.35,7.32,7.94,6.63,-1.39,1.22,11.26,34.00,0.05,9.54,1.98,10.38,0.04,NA
CHINRA003,7/6/2016,Rapids Fish Wheel,520,6.87,8.63,8.14,2.43,0.22,2.22,9.82,34.00,1.32,9.51,3.06,9.84,0.03,NA
CHINRA005,7/6/2016,Rapids Fish Wheel,690,7.67,10.10,9.22,5.47,0.23,2.43,10.88,17.69,0.65,10.07,3.37,11.34,0.02,NA
CHINRA006,7/6/2016,Rapids Fish Wheel,810,7.16,7.98,8.43,1.88,-1.01,2.20,11.28,16.67,2.02,9.37,2.87,9.58,0.05,NA
CHINRA007,7/6/2016,Rapids Fish Wheel,790,7.91,9.43,9.59,6.39,-0.15,0.50,10.88,16.02,0.61,10.11,3.40,11.82,0.03,NA
CHINRA008,7/6/2016,Rapids Fish Wheel,400,7.30,8.75,8.62,7.72,0.14,1.55,10.42,16.24,0.58,10.57,3.21,10.48,0.03,NA
CHINRA009,7/6/2016,Rapids Fish Wheel,365,7.36,8.85,9.68,7.42,-0.05,0.25,11.06,16.71,0.73,11.19,2.68,10.31,0.05,NA
CHINRA010,7/6/2016,Rapids Fish Wheel,705,6.45,8.08,7.45,2.33,-0.67,0.95,9.33,13.69,-0.05,9.70,2.35,9.24,0.04,NA
CHINRA011,7/6/2016,Rapids Fish Wheel,700,6.87,8.43,8.41,6.46,-0.51,2.36,10.42,16.65,-0.39,9.42,2.87,9.62,0.02,NA
CHINRA012,7/6/2016,Rapids Fish Wheel,660,7.29,9.06,8.53,0.35,0.35,3.08,9.80,14.57,0.20,10.13,2.91,10.50,0.14,NA
CHINRA013,7/6/2016,Rapids Fish Wheel,745,7.47,8.67,9.28,5.01,0.56,2.41,10.16,18.18,0.92,9.30,3.16,10.50,2.10,NA
CHINRA014,7/6/2016,Rapids Fish Wheel,580,7.24,8.47,9.09,6.61,-0.08,1.91,11.06,34.00,1.03,10.82,3.05,11.09,0.01,NA
CHINRA015,7/6/2016,Rapids Fish Wheel,530,7.25,9.16,9.46,6.71,-0.38,4.64,11.32,34.00,0.38,10.30,2.89,9.74,0.01,NA
CHINRA016,7/6/2016,Rapids Fish Wheel,535,6.69,7.81,8.42,3.01,-0.64,2.85,10.00,34.00,0.00,10.10,2.49,10.54,0.13,NA
CHINRA017,7/6/2016,Rapids Fish Wheel,605,7.06,8.15,7.93,0.81,0.34,2.93,7.84,15.25,-1.69,8.96,2.62,10.20,0.03,NA
CHINRA018,7/6/2016,Rapids Fish Wheel,630,8.25,9.96,9.24,4.61,1.41,4.88,8.52,34.00,-1.78,11.12,2.83,12.12,0.01,NA
CHINRA019,7/6/2016,Rapids Fish Wheel,560,8.34,9.83,8.77,1.81,1.36,3.80,7.86,34.00,-1.84,11.91,2.95,11.43,0.03,NA
CHINRA020,7/6/2016,Rapids Fish Wheel,510,7.99,10.01,8.49,6.64,0.99,2.61,10.00,17.81,-0.20,10.41,3.49,11.53,0.04,NA
CHINRA021,7/6/2016,Rapids Fish Wheel,545,8.26,9.25,8.55,2.14,0.35,1.39,9.27,13.76,-0.16,10.65,3.16,12.70,0.09,NA
CHINRA022,7/6/2016,Rapids Fish Wheel,600,8.32,9.75,9.81,5.19,0.74,3.66,10.03,34.00,-0.47,11.15,3.59,11.00,0.01,NA
CHINRA023,7/6/2016,Rapids Fish Wheel,585,8.19,9.99,9.30,5.14,0.74,2.50,10.07,34.00,-0.42,10.43,3.64,10.85,0.01,NA
CHINRA024,7/6/2016,Rapids Fish Wheel,645,8.32,9.03,8.08,6.30,0.48,2.90,9.36,14.75,-0.43,9.05,3.43,11.54,0.02,NA
CHINRA025,7/6/2016,Rapids Fish Wheel,530,7.80,9.74,10.66,2.40,0.58,1.03,10.37,15.04,0.34,10.99,2.94,12.68,0.17,NA
CHINRA026,7/7/2016,Rapids Fish Wheel,725,7.41,8.58,7.87,1.43,0.85,3.13,8.71,16.63,-0.69,9.79,2.77,11.26,0.03,NA
CHINRA027,7/7/2016,Rapids Fish Wheel,560,7.68,8.59,8.89,6.58,-0.01,2.01,11.19,34.00,-0.06,9.80,3.01,11.90,0.03,NA
CHINRA028,7/7/2016,Rapids Fish Wheel,800,8.53,8.84,9.11,3.22,0.41,3.37,10.72,16.15,0.44,10.88,3.80,10.85,0.01,NA
CHINRA029,7/7/2016,Rapids Fish Wheel,560,7.54,8.02,8.65,7.07,0.11,2.73,11.09,16.25,0.42,9.89,3.28,11.26,0.03,NA
CHINRA030,7/7/2016,Rapids Fish Wheel,900,8.09,9.65,9.51,7.22,0.17,2.81,11.63,18.07,2.16,10.34,3.58,12.14,0.09,NA
CHINRA031,7/7/2016,Rapids Fish Wheel,640,7.39,7.40,8.39,2.44,-0.65,2.03,10.76,16.75,0.93,10.49,2.80,10.27,0.04,NA
CHINRA032,7/7/2016,Rapids Fish Wheel,660,7.10,7.95,8.62,4.63,-0.96,1.30,10.96,16.12,0.52,9.81,2.77,11.80,0.64,NA
CHINRA033,7/7/2016,Rapids Fish Wheel,740,7.79,8.65,8.96,5.32,-0.06,2.51,11.67,16.52,1.05,9.46,3.11,11.88,0.02,NA
CHINRA034,7/7/2016,Rapids Fish Wheel,595,8.17,9.24,8.12,5.53,0.29,2.40,10.88,15.73,0.50,10.11,3.65,12.07,0.02,NA
CHINRA035,7/7/2016,Rapids Fish Wheel,720,7.31,8.79,8.33,1.24,-0.46,1.44,10.19,14.11,0.94,9.51,2.64,12.55,0.25,NA
CHINRA036,7/7/2016,Rapids Fish Wheel,655,6.92,7.02,7.75,5.57,-0.70,3.02,11.58,34.00,1.71,9.41,2.81,9.44,0.05,NA
CHINRA037,7/7/2016,Rapids Fish Wheel,505,6.97,8.83,9.30,6.10,-0.79,1.64,11.61,15.91,1.07,12.29,2.72,11.58,0.00,NA
CHINRA038,7/7/2016,Rapids Fish Wheel,555,7.68,9.24,9.23,6.20,0.26,0.57,9.78,16.54,-0.39,11.68,3.17,11.91,0.02,NA
CHINRA039,7/7/2016,Rapids Fish Wheel,610,7.54,8.71,8.44,3.75,-0.38,1.92,10.96,16.98,0.80,11.21,3.14,11.07,0.02,NA
CHINRA040,7/7/2016,Rapids Fish Wheel,695,7.56,8.61,9.02,7.28,-0.51,2.67,10.69,15.60,0.63,9.80,3.31,12.34,0.05,NA
CHINRA041,7/5/2017,Rapids Fish Wheel,590,6.87,10.15,8.99,5.58,0.82,-0.27,10.56,34.00,1.14,11.82,4.14,10.39,0.16,NA
CHINRA042,7/6/2017,Rapids Fish Wheel,795,6.92,10.08,9.04,5.93,0.49,0.15,9.79,34.00,0.57,34.00,4.46,10.76,0.10,NA
CHINRA043,7/6/2017,Rapids Fish Wheel,565,7.44,11.50,9.75,4.52,1.07,0.23,8.66,34.00,-0.73,12.57,4.27,10.55,0.10,NA
CHINRA044,7/6/2017,Rapids Fish Wheel,585,6.71,9.19,9.86,4.60,0.41,-0.72,9.92,34.00,-0.29,11.10,2.84,9.92,0.06,NA
CHINRA045,7/6/2017,Rapids Fish Wheel,780,6.93,10.82,10.09,4.54,11.48,0.50,0.55,34.00,1.01,12.84,3.24,8.83,0.36,NA
CHINRA046,7/6/2017,Rapids Fish Wheel,565,6.79,9.99,9.52,5.81,0.45,-0.49,10.50,34.00,0.00,12.85,3.82,10.00,0.08,NA
CHINRA047,7/6/2017,Rapids Fish Wheel,540,7.38,10.02,9.49,4.88,0.76,-0.34,8.73,34.00,-0.65,13.67,4.17,9.62,0.08,NA
CHINRA048,7/6/2017,Rapids Fish Wheel,705,6.46,9.99,9.00,5.78,0.85,-0.71,9.29,34.00,-0.49,34.00,4.72,34.00,0.02,NA
CHINRA049,7/6/2017,Rapids Fish Wheel,610,6.06,8.90,9.33,4.92,0.12,-0.03,8.65,34.00,-0.09,11.36,3.71,9.67,0.16,NA
CHINRA050,7/7/2017,Rapids Fish Wheel,630,6.70,10.38,9.98,5.32,0.83,0.55,9.72,34.00,0.19,11.41,3.99,9.31,0.06,NA
CHINRA051,7/7/2017,Rapids Fish Wheel,595,6.54,11.47,10.07,4.88,0.73,0.69,9.70,34.00,-0.78,11.86,4.20,9.95,0.80,NA
CHINRA052,7/7/2017,Rapids Fish Wheel,520,6.73,10.24,34.00,6.22,0.41,-0.74,9.94,34.00,0.33,12.57,3.92,11.12,0.09,NA
CHINRA053,7/7/2017,Rapids Fish Wheel,830,7.71,10.95,9.02,5.32,0.80,1.14,10.41,34.00,1.07,13.21,4.31,10.30,0.15,NA
CHINRA054,7/7/2017,Rapids Fish Wheel,750,6.53,10.31,8.76,4.68,0.61,0.75,9.84,34.00,0.26,11.31,3.94,9.66,0.55,NA
CHINRA055,7/7/2017,Rapids Fish Wheel,870,7.23,10.53,10.38,5.09,0.32,0.71,11.09,34.00,1.39,12.15,4.09,34.00,0.60,NA
CHINRA056,7/7/2017,Rapids Fish Wheel,840,7.38,11.32,9.40,5.74,0.82,-0.36,10.76,34.00,1.49,12.43,4.39,9.18,0.10,NA
CHINRA057,7/7/2017,Rapids Fish Wheel,695,5.24,9.03,7.70,4.45,-0.60,-1.01,10.24,14.55,1.29,9.57,2.79,7.70,0.09,NA
CHINRA058,7/7/2017,Rapids Fish Wheel,725,6.86,9.11,9.04,6.18,0.81,1.62,10.07,34.00,0.83,12.13,4.54,9.58,0.07,NA
CHINRA059,7/7/2017,Rapids Fish Wheel,745,7.44,9.97,9.32,4.36,1.38,0.48,10.22,34.00,1.02,12.50,4.57,9.44,0.23,NA
CHINRA060,7/7/2017,Rapids Fish Wheel,530,6.03,9.81,9.29,5.99,-0.55,-0.71,11.31,34.00,0.83,13.31,3.44,8.88,0.06,NA
CHINRA061,7/7/2017,Rapids Fish Wheel,655,6.03,9.51,7.18,2.06,0.28,-0.32,9.07,34.00,0.66,10.76,3.92,7.78,0.06,NA
CHINRA062,7/7/2017,Rapids Fish Wheel,765,6.98,9.25,8.47,4.49,0.23,-0.45,9.84,34.00,1.45,11.55,3.54,10.00,0.43,NA
CHINRA063,7/7/2017,Rapids Fish Wheel,630,6.77,9.37,10.31,5.18,0.14,0.55,10.00,15.95,0.75,34.00,3.88,10.80,0.11,NA
CHINRA064,7/7/2017,Rapids Fish Wheel,685,6.45,9.39,8.68,3.88,0.96,0.77,9.25,34.00,-0.10,11.44,3.97,7.58,0.18,NA
CHINRA065,7/7/2017,Rapids Fish Wheel,860,7.19,10.19,9.09,4.49,1.02,0.13,10.02,14.54,0.65,12.16,4.08,10.45,0.47,NA
CHINRA066,7/7/2017,Rapids Fish Wheel,505,6.17,8.74,8.57,4.16,0.64,0.19,8.24,34.00,-1.57,34.00,4.13,9.28,0.07,NA
CHINRA067,7/7/2017,Rapids Fish Wheel,800,6.21,9.09,8.48,3.64,0.06,-1.24,9.40,34.00,-0.61,11.53,3.55,8.13,0.05,NA
CHINRA068,7/7/2017,Rapids Fish Wheel,805,6.70,9.67,9.15,4.80,0.32,-0.76,10.38,34.00,-0.34,34.00,3.94,34.00,0.15,NA
CHINRA069,7/7/2017,Rapids Fish Wheel,620,6.96,10.58,9.35,5.52,0.22,-0.17,10.43,34.00,0.39,11.22,3.83,10.00,0.11,NA
CHINRA070,7/7/2017,Rapids Fish Wheel,635,6.41,9.25,8.16,4.79,-0.27,-1.07,7.88,34.00,0.10,10.24,4.05,9.00,0.15,NA
CHINSR001,7/13/2016,Salcha River,560,6.70,5.74,7.90,3.16,0.91,-0.79,9.08,14.64,-2.77,9.14,2.23,9.56,0.03,NA
CHINSR002,7/13/2016,Salcha River,580,6.98,5.64,9.40,3.11,1.43,-0.30,7.58,11.66,-2.94,8.90,2.61,8.61,0.06,NA
CHINSR003,7/13/2016,Salcha River,790,6.94,4.57,9.34,4.09,0.78,-0.42,8.90,13.38,-1.73,8.97,2.49,10.01,0.07,NA
CHINSR004,7/13/2016,Salcha River,640,6.72,5.97,6.98,-1.64,2.05,3.16,7.19,13.65,-2.49,9.40,2.34,9.29,0.03,NA
CHINSR005,7/13/2016,Salcha River,679,8.89,7.04,11.04,5.72,1.52,1.37,9.45,15.04,-0.89,10.63,2.97,12.41,0.02,NA
CHINSR006,7/13/2016,Salcha River,818,8.33,6.23,11.38,6.25,0.43,0.73,10.72,34.00,0.17,10.37,3.19,12.55,0.07,NA
CHINSR007,7/13/2016,Salcha River,780,7.75,6.63,8.98,0.71,1.42,1.57,9.62,13.11,-1.40,9.37,2.85,10.72,0.01,NA
CHINSR008,7/13/2016,Salcha River,640,8.27,6.10,10.01,6.61,0.64,0.54,9.45,34.00,-0.78,10.48,3.19,12.75,0.04,NA
CHINSR009,7/13/2016,Salcha River,597,7.58,5.03,8.19,1.73,1.92,1.81,9.19,13.50,-1.32,10.88,3.22,34.00,0.05,NA
CHINSR010,7/13/2016,Salcha River,735,7.91,7.03,9.43,3.82,1.31,0.78,10.16,12.63,-1.56,10.91,3.91,13.12,0.04,NA
